"Timestamp","Path","ReadMethod","ConversationTag"
"2026-03-13T12:46:49.0278839+01:00","C:/Users/peorr/.codex/skills/read-audit-counter/SKILL.md,c:/Users/peorr/Desktop/TFG Tracker/sprints-finalizados/S16/Escenario-A/__tests__/matching/compatibility.test.ts","mixed(get-content|git-diff|rg)","read-audit-counter"
"2026-03-13T12:47:30.7780150+01:00","c:/Users/peorr/Desktop/TFG Tracker/sprints-finalizados/S16/Escenario-A/__tests__/matching/compatibility.test.ts","mixed(get-content|git-diff|rg)","read-audit-counter"
"2026-03-13T12:47:30.7780150+01:00","c:/Users/peorr/Desktop/TFG Tracker/sprints-finalizados/S16/Escenario-A/__tests__/matching/match-resolution.test.ts","mixed(get-content|git-diff|rg)","read-audit-counter"
"2026-03-13T12:47:58.5246667+01:00","C:/Users/peorr/.codex/skills/read-audit-counter/SKILL.md","mixed(get-content|git-diff|rg)","read-audit-counter"
"2026-03-13T12:47:58.5246667+01:00","C:/Users/peorr/.codex/skills/read-audit-counter/scripts/log-read.ps1","mixed(get-content|git-diff|rg)","read-audit-counter"
"2026-03-13T12:47:58.5246667+01:00","c:/Users/peorr/Desktop/TFG Tracker/sprints-finalizados/S15/Escenario-A/__tests__/services/chatService.test.ts","mixed(get-content|git-diff|rg)","read-audit-counter"
"2026-03-13T12:47:58.5246667+01:00","c:/Users/peorr/Desktop/TFG Tracker/sprints-finalizados/S16/Escenario-A/__tests__/services/chatService.test.ts","mixed(get-content|git-diff|rg)","read-audit-counter"
"2026-03-13T12:47:58.5246667+01:00","c:/Users/peorr/Desktop/TFG Tracker/sprints-finalizados/S15/Escenario-A/__tests__/services/profileService.test.ts","mixed(get-content|git-diff|rg)","read-audit-counter"
"2026-03-13T12:47:58.5246667+01:00","c:/Users/peorr/Desktop/TFG Tracker/sprints-finalizados/S16/Escenario-A/__tests__/services/profileService.test.ts","mixed(get-content|git-diff|rg)","read-audit-counter"
"2026-03-13T12:47:58.5246667+01:00","c:/Users/peorr/Desktop/TFG Tracker/sprints-finalizados/S15/Escenario-A/src/screens/SwipeScreen.tsx","mixed(get-content|git-diff|rg)","read-audit-counter"
"2026-03-13T12:47:58.5246667+01:00","c:/Users/peorr/Desktop/TFG Tracker/sprints-finalizados/S16/Escenario-A/src/screens/SwipeScreen.tsx","mixed(get-content|git-diff|rg)","read-audit-counter"
"2026-03-13T12:47:58.5246667+01:00","c:/Users/peorr/Desktop/TFG Tracker/sprints-finalizados/S15/Escenario-A/src/services/chatService.ts","mixed(get-content|git-diff|rg)","read-audit-counter"
"2026-03-13T12:47:58.5246667+01:00","c:/Users/peorr/Desktop/TFG Tracker/sprints-finalizados/S16/Escenario-A/src/services/chatService.ts","mixed(get-content|git-diff|rg)","read-audit-counter"
"2026-03-13T12:47:58.5246667+01:00","c:/Users/peorr/Desktop/TFG Tracker/sprints-finalizados/S15/Escenario-A/src/services/profileService.ts","mixed(get-content|git-diff|rg)","read-audit-counter"
"2026-03-13T12:47:58.5246667+01:00","c:/Users/peorr/Desktop/TFG Tracker/sprints-finalizados/S16/Escenario-A/src/services/profileService.ts","mixed(get-content|git-diff|rg)","read-audit-counter"
"2026-03-13T12:47:58.5246667+01:00","c:/Users/peorr/Desktop/TFG Tracker/sprints-finalizados/S15/Escenario-A/src/styles/screens/SwipeScreen.styles.ts","mixed(get-content|git-diff|rg)","read-audit-counter"
"2026-03-13T12:47:58.5246667+01:00","c:/Users/peorr/Desktop/TFG Tracker/sprints-finalizados/S16/Escenario-A/src/styles/screens/SwipeScreen.styles.ts","mixed(get-content|git-diff|rg)","read-audit-counter"
"2026-03-13T12:47:58.5246667+01:00","c:/Users/peorr/Desktop/TFG Tracker/sprints-finalizados/S16/Escenario-A/supabase/functions/_shared/compatibility.ts","mixed(get-content|git-diff|rg)","read-audit-counter"
"2026-03-13T12:47:58.5246667+01:00","c:/Users/peorr/Desktop/TFG Tracker/sprints-finalizados/S16/Escenario-A/supabase/functions/_shared/match-resolution.ts","mixed(get-content|git-diff|rg)","read-audit-counter"
"2026-03-13T12:47:58.5246667+01:00","c:/Users/peorr/Desktop/TFG Tracker/sprints-finalizados/S15/Escenario-A/supabase/functions/_shared/types.ts","mixed(get-content|git-diff|rg)","read-audit-counter"
"2026-03-13T12:47:58.5246667+01:00","c:/Users/peorr/Desktop/TFG Tracker/sprints-finalizados/S16/Escenario-A/supabase/functions/_shared/types.ts","mixed(get-content|git-diff|rg)","read-audit-counter"
"2026-03-13T12:47:58.5246667+01:00","c:/Users/peorr/Desktop/TFG Tracker/sprints-finalizados/S15/Escenario-A/supabase/functions/matches/index.ts","mixed(get-content|git-diff|rg)","read-audit-counter"
"2026-03-13T12:47:58.5246667+01:00","c:/Users/peorr/Desktop/TFG Tracker/sprints-finalizados/S16/Escenario-A/supabase/functions/matches/index.ts","mixed(get-content|git-diff|rg)","read-audit-counter"
"2026-03-13T12:47:58.5246667+01:00","c:/Users/peorr/Desktop/TFG Tracker/sprints-finalizados/S15/Escenario-A/supabase/functions/profiles-recommendations/index.ts","mixed(get-content|git-diff|rg)","read-audit-counter"
"2026-03-13T12:47:58.5246667+01:00","c:/Users/peorr/Desktop/TFG Tracker/sprints-finalizados/S16/Escenario-A/supabase/functions/profiles-recommendations/index.ts","mixed(get-content|git-diff|rg)","read-audit-counter"
"2026-03-13T12:47:58.5246667+01:00","c:/Users/peorr/Desktop/TFG Tracker/sprints-finalizados/S15/Escenario-C/__tests__/services/chatService.test.ts","mixed(get-content|git-diff|rg)","read-audit-counter"
"2026-03-13T12:47:58.5246667+01:00","c:/Users/peorr/Desktop/TFG Tracker/sprints-finalizados/S16/Escenario-C/__tests__/services/chatService.test.ts","mixed(get-content|git-diff|rg)","read-audit-counter"
"2026-03-13T12:47:58.5246667+01:00","c:/Users/peorr/Desktop/TFG Tracker/sprints-finalizados/S15/Escenario-C/__tests__/services/profileService.test.ts","mixed(get-content|git-diff|rg)","read-audit-counter"
"2026-03-13T12:47:58.5246667+01:00","c:/Users/peorr/Desktop/TFG Tracker/sprints-finalizados/S16/Escenario-C/__tests__/services/profileService.test.ts","mixed(get-content|git-diff|rg)","read-audit-counter"
"2026-03-13T12:47:58.5246667+01:00","c:/Users/peorr/Desktop/TFG Tracker/sprints-finalizados/S15/Escenario-C/src/screens/SwipeScreen.tsx","mixed(get-content|git-diff|rg)","read-audit-counter"
"2026-03-13T12:47:58.5246667+01:00","c:/Users/peorr/Desktop/TFG Tracker/sprints-finalizados/S16/Escenario-C/src/screens/SwipeScreen.tsx","mixed(get-content|git-diff|rg)","read-audit-counter"
"2026-03-13T12:47:58.5246667+01:00","c:/Users/peorr/Desktop/TFG Tracker/sprints-finalizados/S15/Escenario-C/src/services/chatService.ts","mixed(get-content|git-diff|rg)","read-audit-counter"
"2026-03-13T12:47:58.5246667+01:00","c:/Users/peorr/Desktop/TFG Tracker/sprints-finalizados/S16/Escenario-C/src/services/chatService.ts","mixed(get-content|git-diff|rg)","read-audit-counter"
"2026-03-13T12:47:58.5246667+01:00","c:/Users/peorr/Desktop/TFG Tracker/sprints-finalizados/S15/Escenario-C/src/services/profileService.ts","mixed(get-content|git-diff|rg)","read-audit-counter"
"2026-03-13T12:47:58.5246667+01:00","c:/Users/peorr/Desktop/TFG Tracker/sprints-finalizados/S16/Escenario-C/src/services/profileService.ts","mixed(get-content|git-diff|rg)","read-audit-counter"
"2026-03-13T12:47:58.5246667+01:00","c:/Users/peorr/Desktop/TFG Tracker/sprints-finalizados/S15/Escenario-C/src/styles/screens/SwipeScreen.styles.ts","mixed(get-content|git-diff|rg)","read-audit-counter"
"2026-03-13T12:47:58.5246667+01:00","c:/Users/peorr/Desktop/TFG Tracker/sprints-finalizados/S16/Escenario-C/src/styles/screens/SwipeScreen.styles.ts","mixed(get-content|git-diff|rg)","read-audit-counter"
"2026-03-13T12:47:58.5246667+01:00","c:/Users/peorr/Desktop/TFG Tracker/sprints-finalizados/S15/Escenario-C/supabase/functions/_shared/types.ts","mixed(get-content|git-diff|rg)","read-audit-counter"
"2026-03-13T12:47:58.5246667+01:00","c:/Users/peorr/Desktop/TFG Tracker/sprints-finalizados/S16/Escenario-C/supabase/functions/_shared/types.ts","mixed(get-content|git-diff|rg)","read-audit-counter"
"2026-03-13T12:47:58.5246667+01:00","c:/Users/peorr/Desktop/TFG Tracker/sprints-finalizados/S15/Escenario-C/supabase/functions/matches/index.ts","mixed(get-content|git-diff|rg)","read-audit-counter"
"2026-03-13T12:47:58.5246667+01:00","c:/Users/peorr/Desktop/TFG Tracker/sprints-finalizados/S16/Escenario-C/supabase/functions/matches/index.ts","mixed(get-content|git-diff|rg)","read-audit-counter"
"2026-03-13T12:47:58.5246667+01:00","c:/Users/peorr/Desktop/TFG Tracker/sprints-finalizados/S15/Escenario-C/supabase/functions/profiles-recommendations/index.ts","mixed(get-content|git-diff|rg)","read-audit-counter"
"2026-03-13T12:47:58.5246667+01:00","c:/Users/peorr/Desktop/TFG Tracker/sprints-finalizados/S16/Escenario-C/supabase/functions/profiles-recommendations/index.ts","mixed(get-content|git-diff|rg)","read-audit-counter"
"2026-03-13T12:48:25.0743172+01:00","c:/Users/peorr/Desktop/TFG Tracker/sprints-finalizados/S15/Escenario-D/__tests__/App.test.tsx","mixed(get-content|git-diff|rg)","read-audit-counter"
"2026-03-13T12:48:25.0743172+01:00","c:/Users/peorr/Desktop/TFG Tracker/sprints-finalizados/S16/Escenario-D/__tests__/App.test.tsx","mixed(get-content|git-diff|rg)","read-audit-counter"
"2026-03-13T12:48:25.0743172+01:00","c:/Users/peorr/Desktop/TFG Tracker/sprints-finalizados/S15/Escenario-D/__tests__/services/authService.test.ts","mixed(get-content|git-diff|rg)","read-audit-counter"
"2026-03-13T12:48:25.0743172+01:00","c:/Users/peorr/Desktop/TFG Tracker/sprints-finalizados/S16/Escenario-D/__tests__/services/authService.test.ts","mixed(get-content|git-diff|rg)","read-audit-counter"
"2026-03-13T12:48:25.0743172+01:00","c:/Users/peorr/Desktop/TFG Tracker/sprints-finalizados/S15/Escenario-D/jest.config.js","mixed(get-content|git-diff|rg)","read-audit-counter"
"2026-03-13T12:48:25.0743172+01:00","c:/Users/peorr/Desktop/TFG Tracker/sprints-finalizados/S16/Escenario-D/jest.config.js","mixed(get-content|git-diff|rg)","read-audit-counter"
"2026-03-13T12:48:25.0743172+01:00","c:/Users/peorr/Desktop/TFG Tracker/sprints-finalizados/S15/Escenario-D/src/screens/SwipeScreen.tsx","mixed(get-content|git-diff|rg)","read-audit-counter"
"2026-03-13T12:48:25.0743172+01:00","c:/Users/peorr/Desktop/TFG Tracker/sprints-finalizados/S16/Escenario-D/src/screens/SwipeScreen.tsx","mixed(get-content|git-diff|rg)","read-audit-counter"
"2026-03-13T12:48:25.0743172+01:00","c:/Users/peorr/Desktop/TFG Tracker/sprints-finalizados/S16/Escenario-D/src/services/chatService.test.ts","mixed(get-content|git-diff|rg)","read-audit-counter"
"2026-03-13T12:48:25.0743172+01:00","c:/Users/peorr/Desktop/TFG Tracker/sprints-finalizados/S15/Escenario-D/src/services/chatService.ts","mixed(get-content|git-diff|rg)","read-audit-counter"
"2026-03-13T12:48:25.0743172+01:00","c:/Users/peorr/Desktop/TFG Tracker/sprints-finalizados/S16/Escenario-D/src/services/chatService.ts","mixed(get-content|git-diff|rg)","read-audit-counter"
"2026-03-13T12:48:25.0743172+01:00","c:/Users/peorr/Desktop/TFG Tracker/sprints-finalizados/S15/Escenario-D/supabase/functions/_shared/types.ts","mixed(get-content|git-diff|rg)","read-audit-counter"
"2026-03-13T12:48:25.0743172+01:00","c:/Users/peorr/Desktop/TFG Tracker/sprints-finalizados/S16/Escenario-D/supabase/functions/_shared/types.ts","mixed(get-content|git-diff|rg)","read-audit-counter"
"2026-03-13T12:48:25.0743172+01:00","c:/Users/peorr/Desktop/TFG Tracker/sprints-finalizados/S16/Escenario-D/supabase/functions/matches/index.test.ts","mixed(get-content|git-diff|rg)","read-audit-counter"
"2026-03-13T12:48:25.0743172+01:00","c:/Users/peorr/Desktop/TFG Tracker/sprints-finalizados/S15/Escenario-D/supabase/functions/matches/index.ts","mixed(get-content|git-diff|rg)","read-audit-counter"
"2026-03-13T12:48:25.0743172+01:00","c:/Users/peorr/Desktop/TFG Tracker/sprints-finalizados/S16/Escenario-D/supabase/functions/matches/index.ts","mixed(get-content|git-diff|rg)","read-audit-counter"
"2026-03-13T12:48:25.0743172+01:00","c:/Users/peorr/Desktop/TFG Tracker/sprints-finalizados/S16/Escenario-D/supabase/functions/profiles-recommendations/index.test.ts","mixed(get-content|git-diff|rg)","read-audit-counter"
"2026-03-13T12:48:25.0743172+01:00","c:/Users/peorr/Desktop/TFG Tracker/sprints-finalizados/S15/Escenario-D/supabase/functions/profiles-recommendations/index.ts","mixed(get-content|git-diff|rg)","read-audit-counter"
"2026-03-13T12:48:25.0743172+01:00","c:/Users/peorr/Desktop/TFG Tracker/sprints-finalizados/S16/Escenario-D/supabase/functions/profiles-recommendations/index.ts","mixed(get-content|git-diff|rg)","read-audit-counter"
"2026-03-13T12:48:25.0743172+01:00","c:/Users/peorr/Desktop/TFG Tracker/sprints-finalizados/S16/Escenario-D/test_output.txt","mixed(get-content|git-diff|rg)","read-audit-counter"
"2026-03-13T12:48:25.0743172+01:00","c:/Users/peorr/Desktop/TFG Tracker/sprints-finalizados/S16/Escenario-D/test_output2.txt","mixed(get-content|git-diff|rg)","read-audit-counter"
"2026-03-13T12:48:25.0743172+01:00","c:/Users/peorr/Desktop/TFG Tracker/sprints-finalizados/S16/Escenario-E/__tests__/functions/matchesFlow.test.ts","mixed(get-content|git-diff|rg)","read-audit-counter"
"2026-03-13T12:48:25.0743172+01:00","c:/Users/peorr/Desktop/TFG Tracker/sprints-finalizados/S16/Escenario-E/__tests__/scoring/compatibilityScore.test.ts","mixed(get-content|git-diff|rg)","read-audit-counter"
"2026-03-13T12:48:25.0743172+01:00","c:/Users/peorr/Desktop/TFG Tracker/sprints-finalizados/S15/Escenario-E/__tests__/services/chatService.test.ts","mixed(get-content|git-diff|rg)","read-audit-counter"
"2026-03-13T12:48:25.0743172+01:00","c:/Users/peorr/Desktop/TFG Tracker/sprints-finalizados/S16/Escenario-E/__tests__/services/chatService.test.ts","mixed(get-content|git-diff|rg)","read-audit-counter"
"2026-03-13T12:48:25.0743172+01:00","c:/Users/peorr/Desktop/TFG Tracker/sprints-finalizados/S15/Escenario-E/src/screens/SwipeScreen.styles.ts","mixed(get-content|git-diff|rg)","read-audit-counter"
"2026-03-13T12:48:25.0743172+01:00","c:/Users/peorr/Desktop/TFG Tracker/sprints-finalizados/S16/Escenario-E/src/screens/SwipeScreen.styles.ts","mixed(get-content|git-diff|rg)","read-audit-counter"
"2026-03-13T12:48:25.0743172+01:00","c:/Users/peorr/Desktop/TFG Tracker/sprints-finalizados/S15/Escenario-E/src/screens/SwipeScreen.tsx","mixed(get-content|git-diff|rg)","read-audit-counter"
"2026-03-13T12:48:25.0743172+01:00","c:/Users/peorr/Desktop/TFG Tracker/sprints-finalizados/S16/Escenario-E/src/screens/SwipeScreen.tsx","mixed(get-content|git-diff|rg)","read-audit-counter"
"2026-03-13T12:48:25.0743172+01:00","c:/Users/peorr/Desktop/TFG Tracker/sprints-finalizados/S15/Escenario-E/src/services/chatService.ts","mixed(get-content|git-diff|rg)","read-audit-counter"
"2026-03-13T12:48:25.0743172+01:00","c:/Users/peorr/Desktop/TFG Tracker/sprints-finalizados/S16/Escenario-E/src/services/chatService.ts","mixed(get-content|git-diff|rg)","read-audit-counter"
"2026-03-13T12:48:25.0743172+01:00","c:/Users/peorr/Desktop/TFG Tracker/sprints-finalizados/S15/Escenario-E/supabase/functions/_shared/types.ts","mixed(get-content|git-diff|rg)","read-audit-counter"
"2026-03-13T12:48:25.0743172+01:00","c:/Users/peorr/Desktop/TFG Tracker/sprints-finalizados/S16/Escenario-E/supabase/functions/_shared/types.ts","mixed(get-content|git-diff|rg)","read-audit-counter"
"2026-03-13T12:48:25.0743172+01:00","c:/Users/peorr/Desktop/TFG Tracker/sprints-finalizados/S15/Escenario-E/supabase/functions/matches/index.ts","mixed(get-content|git-diff|rg)","read-audit-counter"
"2026-03-13T12:48:25.0743172+01:00","c:/Users/peorr/Desktop/TFG Tracker/sprints-finalizados/S16/Escenario-E/supabase/functions/matches/index.ts","mixed(get-content|git-diff|rg)","read-audit-counter"
"2026-03-13T12:48:25.0743172+01:00","c:/Users/peorr/Desktop/TFG Tracker/sprints-finalizados/S15/Escenario-E/supabase/functions/profiles-recommendations/index.ts","mixed(get-content|git-diff|rg)","read-audit-counter"
"2026-03-13T12:48:25.0743172+01:00","c:/Users/peorr/Desktop/TFG Tracker/sprints-finalizados/S16/Escenario-E/supabase/functions/profiles-recommendations/index.ts","mixed(get-content|git-diff|rg)","read-audit-counter"
"2026-03-13T12:48:25.0743172+01:00","c:/Users/peorr/Desktop/TFG Tracker/sprints-finalizados/S16/Escenario-A/uiAnalysis.md","mixed(get-content|git-diff|rg)","read-audit-counter"
"2026-03-13T12:48:25.0743172+01:00","c:/Users/peorr/Desktop/TFG Tracker/sprints-finalizados/S16/Escenario-C/uiAnalysis.md","mixed(get-content|git-diff|rg)","read-audit-counter"
"2026-03-13T12:48:25.0743172+01:00","c:/Users/peorr/Desktop/TFG Tracker/sprints-finalizados/S16/Escenario-D/uiAnalysis.md","mixed(get-content|git-diff|rg)","read-audit-counter"
"2026-03-13T12:48:25.0743172+01:00","c:/Users/peorr/Desktop/TFG Tracker/sprints-finalizados/S16/Escenario-E/uiAnalysis.md","mixed(get-content|git-diff|rg)","read-audit-counter"
